numSamples, numHistograms, histSize, k, branching, meanTime, stddevTime
500, 56, 41, 2, 2, 195.17, 10.0575
500, 56, 41, 4, 2, 198.83, 8.91945
500, 56, 41, 8, 2, 198.88, 8.77241
500, 56, 41, 16, 2, 206.87, 9.15595
500, 56, 41, 32, 2, 225.5, 10.6006
500, 56, 41, 64, 2, 263.7, 9.27634
